displayName,id,state,templateId,createdDateTime,modifiedDateTime,deletedDateTime,conditions.applications.applicationFilter,conditions.applications.excludeApplications,conditions.applications.includeApplications,conditions.applications.includeAuthenticationContextClassReferences,conditions.applications.includeUserActions,conditions.authenticationFlows,conditions.authenticationFlows.transferMethods,conditions.clientApplications,conditions.clientAppTypes,conditions.devices,conditions.devices.deviceFilter.mode,conditions.devices.deviceFilter.rule,conditions.insiderRiskLevels,conditions.locations,conditions.locations.excludeLocations,conditions.locations.includeLocations,conditions.platforms,conditions.platforms.excludePlatforms,conditions.platforms.includePlatforms,conditions.servicePrincipalRiskLevels,conditions.signInRiskLevels,conditions.userRiskLevels,conditions.users.excludeGroups,conditions.users.excludeGuestsOrExternalUsers,conditions.users.excludeRoles,conditions.users.excludeUsers,conditions.users.includeGroups,conditions.users.includeGuestsOrExternalUsers,conditions.users.includeGuestsOrExternalUsers.externalTenants.@odata.type,conditions.users.includeGuestsOrExternalUsers.externalTenants.members,conditions.users.includeGuestsOrExternalUsers.externalTenants.membershipKind,conditions.users.includeGuestsOrExternalUsers.guestOrExternalUserTypes,conditions.users.includeRoles,conditions.users.includeUsers,grantControls,grantControls.authenticationStrength,grantControls.authenticationStrength.allowedCombinations,grantControls.authenticationStrength.combinationConfigurations,grantControls.authenticationStrength.combinationConfigurations@odata.context,grantControls.authenticationStrength.createdDateTime,grantControls.authenticationStrength.description,grantControls.authenticationStrength.displayName,grantControls.authenticationStrength.id,grantControls.authenticationStrength.modifiedDateTime,grantControls.authenticationStrength.policyType,grantControls.authenticationStrength.requirementsSatisfied,grantControls.authenticationStrength@odata.context,grantControls.builtInControls,grantControls.customAuthenticationFactors,grantControls.operator,grantControls.termsOfUse,sessionControls,sessionControls.applicationEnforcedRestrictions,sessionControls.cloudAppSecurity,sessionControls.cloudAppSecurity.cloudAppSecurityType,sessionControls.cloudAppSecurity.isEnabled,sessionControls.disableResilienceDefaults,sessionControls.persistentBrowser,sessionControls.persistentBrowser.isEnabled,sessionControls.persistentBrowser.mode,sessionControls.secureSignInSession,sessionControls.signInFrequency,sessionControls.signInFrequency.authenticationType,sessionControls.signInFrequency.frequencyInterval,sessionControls.signInFrequency.isEnabled,sessionControls.signInFrequency.type,sessionControls.signInFrequency.value,@odata.context
DEMO - Baseline MFA for All Users,90464f30-acca-5849-9551-5ea690cabe38,enabled,,2026-01-02T12:00:00Z,2026-02-17T12:00:00Z,,,,All,,,,,,browser; mobileAppsAndDesktopClients,,,,,,,,,,,,,,DEMO - Emergency Access Accounts (10585d05-d321-5436-8140-ab4fab975c2a),,,,,,,,,,,All,,,,,,,,,,,,,,mfa,,OR,,,,,,,,,,,,,,,,,,https://graph.microsoft.com/v1.0/$metadata#identity/conditionalAccess/policies/$entity
DEMO - Baseline MFA for Employees,632be822-6953-52c8-b5b4-ccb057537f6c,enabledForReportingButNotEnforced,,2026-01-03T12:00:00Z,2026-02-19T12:00:00Z,,,,All,,,,,,browser; mobileAppsAndDesktopClients,,,,,,,,,,,,,,DEMO - Emergency Access Accounts (10585d05-d321-5436-8140-ab4fab975c2a),,,,DEMO - All Employees (e27b3733-128c-56e7-b438-d40e12dd2069),,,,,,,,,,,,,,,,,,,,,mfa,,OR,,,,,,,,,,,,,,,,,,https://graph.microsoft.com/v1.0/$metadata#identity/conditionalAccess/policies/$entity
DEMO - Admin MFA,0eeb9e9a-5d11-53f6-bd9a-e9b4ef603f94,enabledForReportingButNotEnforced,,2026-01-04T12:00:00Z,2026-02-21T12:00:00Z,,,,All,,,,,,browser; mobileAppsAndDesktopClients,,,,,,,,,,,,,,DEMO - Emergency Access Accounts (10585d05-d321-5436-8140-ab4fab975c2a),,,,DEMO - Privileged Users (70efca1b-26ec-56b7-9bde-692e642a55bd),,,,,,,,,,,,,,,,,,,,,mfa,,OR,,,,,,,,,,,,,,,,,,https://graph.microsoft.com/v1.0/$metadata#identity/conditionalAccess/policies/$entity
DEMO - Admin Phishing-Resistant MFA,db9e8eba-8ce5-570c-8373-df2c766ddb0a,enabled,,2026-01-05T12:00:00Z,2026-02-23T12:00:00Z,,,,All,,,,,,browser; mobileAppsAndDesktopClients,,,,,,,,,,,,,,DEMO - Emergency Access Accounts (10585d05-d321-5436-8140-ab4fab975c2a),,,,,,,,,,Global Administrator (dbd47bc7-0f61-5691-ba7b-62d87173510c); Security Administrator (a4b8a129-55b0-5288-a50c-e8da2f9a44ad); Application Administrator (7d514696-7252-59bd-a98d-1a5eadb0a051),,,,,,,,,DEMO Phishing-Resistant MFA,60773164-b2d9-510d-b435-4eb31a6bc4fb,,,,,mfa,,OR,,,,,,,,,,,,,,,,,,https://graph.microsoft.com/v1.0/$metadata#identity/conditionalAccess/policies/$entity
DEMO - Block Legacy Authentication,2b94787c-575f-5df5-b3a2-baea7d2fdd99,enabled,,2026-01-06T12:00:00Z,2026-02-25T12:00:00Z,,,,All,,,,,,exchangeActiveSync; other,,,,,,,,,,,,,,DEMO - Emergency Access Accounts (10585d05-d321-5436-8140-ab4fab975c2a),,,,,,,,,,,All,,,,,,,,,,,,,,block,,OR,,,,,,,,,,,,,,,,,,https://graph.microsoft.com/v1.0/$metadata#identity/conditionalAccess/policies/$entity
DEMO - Block High Sign-In Risk,c3d15368-2d30-5fca-9094-3512a6060760,enabled,,2026-01-07T12:00:00Z,2026-02-27T12:00:00Z,,,,All,,,,,,all,,,,,,,,,,,,high,,DEMO - Emergency Access Accounts (10585d05-d321-5436-8140-ab4fab975c2a),,,,,,,,,,,All,,,,,,,,,,,,,,block,,OR,,,,,,,,,,,,,,,,,,https://graph.microsoft.com/v1.0/$metadata#identity/conditionalAccess/policies/$entity
DEMO - Require MFA for Medium Sign-In Risk,7c622ed7-ab43-568e-9c53-b8abb8fd0f42,enabledForReportingButNotEnforced,,2026-01-08T12:00:00Z,2026-03-01T12:00:00Z,,,,All,,,,,,all,,,,,,,,,,,,medium,,DEMO - Emergency Access Accounts (10585d05-d321-5436-8140-ab4fab975c2a),,,,,,,,,,,All,,,,,,,,,,,,,,mfa,,OR,,,,,,,,,,,,,,,,,,https://graph.microsoft.com/v1.0/$metadata#identity/conditionalAccess/policies/$entity
DEMO - Require Compliant Device for Finance Portal,4a68453f-8d13-539e-a4b7-54245a7464c7,enabled,,2026-01-09T12:00:00Z,2026-03-03T12:00:00Z,,,,DEMO Finance Portal (26328d96-2229-5f9d-a932-42ebf05f21a6),,,,,,browser; mobileAppsAndDesktopClients,,,,,,,,,,,,,,DEMO - Device Enrollment Accounts (7395480a-7d38-5480-b02e-429ae3c98d26),,,,DEMO - All Employees (e27b3733-128c-56e7-b438-d40e12dd2069),,,,,,,,,,,,,,,,,,,,,compliantDevice,,OR,,,,,,,,,,,,,,,,,,https://graph.microsoft.com/v1.0/$metadata#identity/conditionalAccess/policies/$entity
DEMO - Require Compliant Device for HR Portal,83fc6e79-34a4-53d3-bda1-9fb34fa928e4,enabledForReportingButNotEnforced,,2026-01-10T12:00:00Z,2026-03-05T12:00:00Z,,,,DEMO HR Portal (f1eb83e4-c810-5422-b401-aa9323ef0acd),,,,,,browser; mobileAppsAndDesktopClients,,,,,,,,,,,,,,DEMO - Device Enrollment Accounts (7395480a-7d38-5480-b02e-429ae3c98d26),,,,DEMO - All Employees (e27b3733-128c-56e7-b438-d40e12dd2069),,,,,,,,,,,,,,,,,,,,,compliantDevice,,OR,,,,,,,,,,,,,,,,,,https://graph.microsoft.com/v1.0/$metadata#identity/conditionalAccess/policies/$entity
DEMO - Require Compliant Device for Collaboration Portal,08335dcc-00b4-5ce0-8f2e-a452efdbc149,enabled,,2026-01-11T12:00:00Z,2026-03-07T12:00:00Z,,,,DEMO Collaboration Portal (fb5b2cc6-b824-551e-a052-e54540f30e80),,,,,,browser; mobileAppsAndDesktopClients,,,,,,,,,,,,,,DEMO - Device Enrollment Accounts (7395480a-7d38-5480-b02e-429ae3c98d26),,,,DEMO - All Employees (e27b3733-128c-56e7-b438-d40e12dd2069),,,,,,,,,,,,,,,,,,,,,compliantDevice,,OR,,,,,,,,,,,,,,,,,,https://graph.microsoft.com/v1.0/$metadata#identity/conditionalAccess/policies/$entity
DEMO - Block Access Outside Approved Countries,705df47a-b381-5784-9f66-a023b6e031a3,enabledForReportingButNotEnforced,,2026-01-12T12:00:00Z,2026-03-09T12:00:00Z,,,,All,,,,,,all,,,,,,DEMO - Approved Countries (56a37ec9-04d0-591b-a15f-34007719a69b),All,,,,,,,DEMO - Travel Exceptions (9747ef0c-b298-5b05-abb9-bf575dd408f9),,,,DEMO - All Employees (e27b3733-128c-56e7-b438-d40e12dd2069); DEMO - Contractors (641a2fa9-7539-599d-9d66-db74e4e4cfe0),,,,,,,,,,,,,,,,,,,,,block,,OR,,,,,,,,,,,,,,,,,,https://graph.microsoft.com/v1.0/$metadata#identity/conditionalAccess/policies/$entity
DEMO - Require MFA Outside Trusted Offices,2dc1797c-519a-55e9-9666-6c044e0cb32e,enabled,,2026-01-13T12:00:00Z,2026-03-11T12:00:00Z,,,,All,,,,,,browser; mobileAppsAndDesktopClients,,,,,,DEMO - Trusted Office Locations (1415c529-e2fb-50ce-9ca9-4bcd69a7c9f9),All,,,,,,,DEMO - Emergency Access Accounts (10585d05-d321-5436-8140-ab4fab975c2a),,,,DEMO - All Employees (e27b3733-128c-56e7-b438-d40e12dd2069),,,,,,,,,,,,,,,,,,,,,mfa,,OR,,,,,,,,,,,,,,,,,,https://graph.microsoft.com/v1.0/$metadata#identity/conditionalAccess/policies/$entity
DEMO - Guest MFA,93a1ed15-a181-5d1c-8117-12c2eceacf9f,enabled,,2026-01-14T12:00:00Z,2026-03-13T12:00:00Z,,,,All,,,,,,browser; mobileAppsAndDesktopClients,,,,,,,,,,,,,,,,,,,,,,,b2bCollaborationGuest; b2bCollaborationMember,,,,,,,,,,,,,,,,mfa,,OR,,,,,,,,,,,,,,,,,,https://graph.microsoft.com/v1.0/$metadata#identity/conditionalAccess/policies/$entity
DEMO - Contractor Session Controls,e65bcdc8-179d-52a5-bf55-99e5ec89b83e,enabledForReportingButNotEnforced,,2026-01-15T12:00:00Z,2026-03-15T12:00:00Z,,,,DEMO Collaboration Portal (fb5b2cc6-b824-551e-a052-e54540f30e80),,,,,,browser,,,,,,,,,,,,,,,,,,DEMO - Contractors (641a2fa9-7539-599d-9d66-db74e4e4cfe0),,,,,,,,,,,,,,,,,,,,,mfa,,OR,,,,,,,,,true,never,,,,timeBased,true,hours,8,https://graph.microsoft.com/v1.0/$metadata#identity/conditionalAccess/policies/$entity
DEMO - TEST Pilot MFA,e80bbcc9-4f2a-5ace-94b2-9583bfdb0410,disabled,,2026-01-16T12:00:00Z,2026-03-17T12:00:00Z,,,,All,,,,,,browser; mobileAppsAndDesktopClients,,,,,,,,,,,,,,DEMO - Emergency Access Accounts (10585d05-d321-5436-8140-ab4fab975c2a),,,,DEMO - CA Pilot Users (0dd325b7-9198-5dc1-abec-16e32990a6d7),,,,,,,,,,,,,,,,,,,,,mfa,,OR,,,,,,,,,,,,,,,,,,https://graph.microsoft.com/v1.0/$metadata#identity/conditionalAccess/policies/$entity
